NGS_name,Lid_label,Replicate,Compound,Time,Internal_label_1,Primer_name_F,Primer_sequence_F,,Internal_label_2,Primer_name_R
NG-32116_Meliloti_first_assay_lib658176_10164_3,1,1,None,0,7_Forward,POOL1,AAGCTTAGTCCTGGTGCATTGAGCCC,,16_Reverse,ATACCATTTTAACTCCCCTCCGCCGC
NG-32116_Meliloti_first_assay_lib658176_10164_3,2,1,None,0,7_Forward,POOL2,AAGCTTAGTCCTGGTGCATTGAGCCC,,17_Reverse,AGATTATTTTAACTCCCCTCCGCCGC
NG-32116_Meliloti_first_assay_lib658176_10164_3,3,1,None,0,7_Forward,POOL3,AAGCTTAGTCCTGGTGCATTGAGCCC,,18_Reverse,AGGGGATTTTAACTCCCCTCCGCCGC
NG-32116_Meliloti_first_assay_lib658176_10164_3,4,1,DMSO,1,1_Forward,POOL1,AAAGGTAGTCCTGGTGCATTGAGCCC,,16_Reverse,ATACCATTTTAACTCCCCTCCGCCGC
NG-32116_Meliloti_first_assay_lib658176_10164_3,5,2,DMSO,1,1_Forward,POOL1,AAAGGTAGTCCTGGTGCATTGAGCCC,,17_Reverse,AGATTATTTTAACTCCCCTCCGCCGC
NG-32116_Meliloti_first_assay_lib658176_10164_3,6,3,DMSO,1,1_Forward,POOL1,AAAGGTAGTCCTGGTGCATTGAGCCC,,18_Reverse,AGGGGATTTTAACTCCCCTCCGCCGC
NG-32116_Meliloti_first_assay_lib658176_10164_3,7,1,DMSO,1,2_Forward,POOL2,AGTGTTAGTCCTGGTGCATTGAGCCC,,16_Reverse,ATACCATTTTAACTCCCCTCCGCCGC
NG-32116_Meliloti_first_assay_lib658176_10164_3,8,2,DMSO,1,2_Forward,POOL2,AGTGTTAGTCCTGGTGCATTGAGCCC,,17_Reverse,AGATTATTTTAACTCCCCTCCGCCGC
NG-32116_Meliloti_first_assay_lib658176_10164_3,9,3,DMSO,1,2_Forward,POOL2,AGTGTTAGTCCTGGTGCATTGAGCCC,,18_Reverse,AGGGGATTTTAACTCCCCTCCGCCGC
NG-32116_Meliloti_first_assay_lib658176_10164_3,10,1,DMSO,1,3_Forward,POOL3,AAAATTAGTCCTGGTGCATTGAGCCC,,16_Reverse,ATACCATTTTAACTCCCCTCCGCCGC
NG-32116_Meliloti_first_assay_lib658176_10164_3,11,2,DMSO,1,3_Forward,POOL3,AAAATTAGTCCTGGTGCATTGAGCCC,,17_Reverse,AGATTATTTTAACTCCCCTCCGCCGC
NG-32116_Meliloti_first_assay_lib658176_10164_3,12,3,DMSO,1,3_Forward,POOL3,AAAATTAGTCCTGGTGCATTGAGCCC,,18_Reverse,AGGGGATTTTAACTCCCCTCCGCCGC
NG-32116_Meliloti_first_assay_lib658176_10164_3,13,1,DMSO,2,1_Forward,POOL1,AAAGGTAGTCCTGGTGCATTGAGCCC,,19_Reverse,AACGTATTTTAACTCCCCTCCGCCGC
NG-32116_Meliloti_first_assay_lib658176_10164_3,14,2,DMSO,2,1_Forward,POOL1,AAAGGTAGTCCTGGTGCATTGAGCCC,,20_Reverse,AGGGTATTTTAACTCCCCTCCGCCGC
NG-32116_Meliloti_first_assay_lib658176_10164_3,15,3,DMSO,2,1_Forward,POOL1,AAAGGTAGTCCTGGTGCATTGAGCCC,,21_Reverse,AACTAATTTTAACTCCCCTCCGCCGC
NG-32116_Meliloti_first_assay_lib658176_10164_3,16,1,DMSO,2,2_Forward,POOL2,AGTGTTAGTCCTGGTGCATTGAGCCC,,19_Reverse,AACGTATTTTAACTCCCCTCCGCCGC
NG-32116_Meliloti_first_assay_lib658176_10164_3,17,2,DMSO,2,2_Forward,POOL2,AGTGTTAGTCCTGGTGCATTGAGCCC,,20_Reverse,AGGGTATTTTAACTCCCCTCCGCCGC
NG-32116_Meliloti_first_assay_lib658176_10164_3,18,3,DMSO,2,2_Forward,POOL2,AGTGTTAGTCCTGGTGCATTGAGCCC,,21_Reverse,AACTAATTTTAACTCCCCTCCGCCGC
NG-32116_Meliloti_first_assay_lib658176_10164_3,19,1,DMSO,2,3_Forward,POOL3,AAAATTAGTCCTGGTGCATTGAGCCC,,19_Reverse,AACGTATTTTAACTCCCCTCCGCCGC
NG-32116_Meliloti_first_assay_lib658176_10164_3,20,2,DMSO,2,3_Forward,POOL3,AAAATTAGTCCTGGTGCATTGAGCCC,,20_Reverse,AGGGTATTTTAACTCCCCTCCGCCGC
NG-32116_Meliloti_first_assay_lib658176_10164_3,21,3,DMSO,2,3_Forward,POOL3,AAAATTAGTCCTGGTGCATTGAGCCC,,21_Reverse,AACTAATTTTAACTCCCCTCCGCCGC
NG-32116_Meliloti_first_assay_lib658176_10164_3,22,1,DMSO,3,1_Forward,POOL1,AAAGGTAGTCCTGGTGCATTGAGCCC,,22_Reverse,AGCCGATTTTAACTCCCCTCCGCCGC
NG-32116_Meliloti_first_assay_lib658176_10164_3,23,2,DMSO,3,1_Forward,POOL1,AAAGGTAGTCCTGGTGCATTGAGCCC,,23_Reverse,ACAGAATTTTAACTCCCCTCCGCCGC
NG-32116_Meliloti_first_assay_lib658176_10164_3,24,3,DMSO,3,1_Forward,POOL1,AAAGGTAGTCCTGGTGCATTGAGCCC,,24_Reverse,ACCACATTTTAACTCCCCTCCGCCGC
NG-32116_Meliloti_first_assay_lib658176_10164_3,25,1,DMSO,3,2_Forward,POOL2,AGTGTTAGTCCTGGTGCATTGAGCCC,,22_Reverse,AGCCGATTTTAACTCCCCTCCGCCGC
NG-32116_Meliloti_first_assay_lib658176_10164_3,26,2,DMSO,3,2_Forward,POOL2,AGTGTTAGTCCTGGTGCATTGAGCCC,,23_Reverse,ACAGAATTTTAACTCCCCTCCGCCGC
NG-32116_Meliloti_first_assay_lib658176_10164_3,27,3,DMSO,3,2_Forward,POOL2,AGTGTTAGTCCTGGTGCATTGAGCCC,,24_Reverse,ACCACATTTTAACTCCCCTCCGCCGC
NG-32116_Meliloti_first_assay_lib658176_10164_3,28,1,DMSO,3,3_Forward,POOL3,AAAATTAGTCCTGGTGCATTGAGCCC,,22_Reverse,AGCCGATTTTAACTCCCCTCCGCCGC
NG-32116_Meliloti_first_assay_lib658176_10164_3,29,2,DMSO,3,3_Forward,POOL3,AAAATTAGTCCTGGTGCATTGAGCCC,,23_Reverse,ACAGAATTTTAACTCCCCTCCGCCGC
NG-32116_Meliloti_first_assay_lib658176_10164_3,30,3,DMSO,3,3_Forward,POOL3,AAAATTAGTCCTGGTGCATTGAGCCC,,24_Reverse,ACCACATTTTAACTCCCCTCCGCCGC
NG-32116_Meliloti_first_assay_lib658176_10164_3,31,1,C1,1,4_Forward,POOL1,ATCTTTAGTCCTGGTGCATTGAGCCC,,16_Reverse,ATACCATTTTAACTCCCCTCCGCCGC
NG-32116_Meliloti_first_assay_lib658176_10164_3,32,2,C1,1,4_Forward,POOL1,ATCTTTAGTCCTGGTGCATTGAGCCC,,17_Reverse,AGATTATTTTAACTCCCCTCCGCCGC
NG-32116_Meliloti_first_assay_lib658176_10164_3,33,3,C1,1,4_Forward,POOL1,ATCTTTAGTCCTGGTGCATTGAGCCC,,18_Reverse,AGGGGATTTTAACTCCCCTCCGCCGC
NG-32116_Meliloti_first_assay_lib658176_10164_3,34,1,C1,1,5_Forward,POOL2,ACGCATAGTCCTGGTGCATTGAGCCC,,16_Reverse,ATACCATTTTAACTCCCCTCCGCCGC
NG-32116_Meliloti_first_assay_lib658176_10164_3,35,2,C1,1,5_Forward,POOL2,ACGCATAGTCCTGGTGCATTGAGCCC,,17_Reverse,AGATTATTTTAACTCCCCTCCGCCGC
NG-32116_Meliloti_first_assay_lib658176_10164_3,36,3,C1,1,5_Forward,POOL2,ACGCATAGTCCTGGTGCATTGAGCCC,,18_Reverse,AGGGGATTTTAACTCCCCTCCGCCGC
NG-32116_Meliloti_first_assay_lib658176_10164_3,37,1,C1,1,6_Forward,POOL3,ATGGCTAGTCCTGGTGCATTGAGCCC,,16_Reverse,ATACCATTTTAACTCCCCTCCGCCGC
NG-32116_Meliloti_first_assay_lib658176_10164_3,38,2,C1,1,6_Forward,POOL3,ATGGCTAGTCCTGGTGCATTGAGCCC,,17_Reverse,AGATTATTTTAACTCCCCTCCGCCGC
NG-32116_Meliloti_first_assay_lib658176_10164_3,39,3,C1,1,6_Forward,POOL3,ATGGCTAGTCCTGGTGCATTGAGCCC,,18_Reverse,AGGGGATTTTAACTCCCCTCCGCCGC
NG-32116_Meliloti_first_assay_lib658176_10164_3,40,1,C1,2,4_Forward,POOL1,ATCTTTAGTCCTGGTGCATTGAGCCC,,19_Reverse,AACGTATTTTAACTCCCCTCCGCCGC
NG-32116_Meliloti_first_assay_lib658176_10164_3,41,2,C1,2,4_Forward,POOL1,ATCTTTAGTCCTGGTGCATTGAGCCC,,20_Reverse,AGGGTATTTTAACTCCCCTCCGCCGC
NG-32116_Meliloti_first_assay_lib658176_10164_3,42,3,C1,2,4_Forward,POOL1,ATCTTTAGTCCTGGTGCATTGAGCCC,,21_Reverse,AACTAATTTTAACTCCCCTCCGCCGC
NG-32116_Meliloti_first_assay_lib658176_10164_3,43,1,C1,2,5_Forward,POOL2,ACGCATAGTCCTGGTGCATTGAGCCC,,19_Reverse,AACGTATTTTAACTCCCCTCCGCCGC
NG-32116_Meliloti_first_assay_lib658176_10164_3,44,2,C1,2,5_Forward,POOL2,ACGCATAGTCCTGGTGCATTGAGCCC,,20_Reverse,AGGGTATTTTAACTCCCCTCCGCCGC
NG-32116_Meliloti_first_assay_lib658176_10164_3,45,3,C1,2,5_Forward,POOL2,ACGCATAGTCCTGGTGCATTGAGCCC,,21_Reverse,AACTAATTTTAACTCCCCTCCGCCGC
NG-32116_Meliloti_first_assay_lib658176_10164_3,46,1,C1,2,6_Forward,POOL3,ATGGCTAGTCCTGGTGCATTGAGCCC,,19_Reverse,AACGTATTTTAACTCCCCTCCGCCGC
NG-32116_Meliloti_first_assay_lib658176_10164_3,47,2,C1,2,6_Forward,POOL3,ATGGCTAGTCCTGGTGCATTGAGCCC,,20_Reverse,AGGGTATTTTAACTCCCCTCCGCCGC
NG-32116_Meliloti_first_assay_lib658176_10164_3,48,3,C1,2,6_Forward,POOL3,ATGGCTAGTCCTGGTGCATTGAGCCC,,21_Reverse,AACTAATTTTAACTCCCCTCCGCCGC
NG-32116_Meliloti_first_assay_lib658176_10164_3,49,1,C1,3,4_Forward,POOL1,ATCTTTAGTCCTGGTGCATTGAGCCC,,22_Reverse,AGCCGATTTTAACTCCCCTCCGCCGC
NG-32116_Meliloti_first_assay_lib658176_10164_3,50,2,C1,3,4_Forward,POOL1,ATCTTTAGTCCTGGTGCATTGAGCCC,,23_Reverse,ACAGAATTTTAACTCCCCTCCGCCGC
NG-32116_Meliloti_first_assay_lib658176_10164_3,51,3,C1,3,4_Forward,POOL1,ATCTTTAGTCCTGGTGCATTGAGCCC,,24_Reverse,ACCACATTTTAACTCCCCTCCGCCGC
NG-32116_Meliloti_first_assay_lib658176_10164_3,52,1,C1,3,5_Forward,POOL2,ACGCATAGTCCTGGTGCATTGAGCCC,,22_Reverse,AGCCGATTTTAACTCCCCTCCGCCGC
NG-32116_Meliloti_first_assay_lib658176_10164_3,53,2,C1,3,5_Forward,POOL2,ACGCATAGTCCTGGTGCATTGAGCCC,,23_Reverse,ACAGAATTTTAACTCCCCTCCGCCGC
NG-32116_Meliloti_first_assay_lib658176_10164_3,54,3,C1,3,5_Forward,POOL2,ACGCATAGTCCTGGTGCATTGAGCCC,,24_Reverse,ACCACATTTTAACTCCCCTCCGCCGC
NG-32116_Meliloti_first_assay_lib658176_10164_3,55,1,C1,3,6_Forward,POOL3,ATGGCTAGTCCTGGTGCATTGAGCCC,,22_Reverse,AGCCGATTTTAACTCCCCTCCGCCGC
NG-32116_Meliloti_first_assay_lib658176_10164_3,56,2,C1,3,6_Forward,POOL3,ATGGCTAGTCCTGGTGCATTGAGCCC,,23_Reverse,ACAGAATTTTAACTCCCCTCCGCCGC
NG-32116_Meliloti_first_assay_lib658176_10164_3,57,3,C1,3,6_Forward,POOL3,ATGGCTAGTCCTGGTGCATTGAGCCC,,24_Reverse,ACCACATTTTAACTCCCCTCCGCCGC
NG-33296_Meliloti_first_assay_lib700601_10246_2,1,1,None,0,4_Forward,POOL4,ATCTTTAGTCCTGGTGCATTGAGCCC,,16_Reverse,ATACCATTTTAACTCCCCTCCGCCGC
NG-33296_Meliloti_first_assay_lib700601_10246_2,2,1,None,0,5_Forward,POOL5,ACGCATAGTCCTGGTGCATTGAGCCC,,17_Reverse,AGATTATTTTAACTCCCCTCCGCCGC
NG-33296_Meliloti_first_assay_lib700601_10246_2,3,1,None,0,6_Forward,POOL6,ATGGCTAGTCCTGGTGCATTGAGCCC,,18_Reverse,AGGGGATTTTAACTCCCCTCCGCCGC
NG-33296_Meliloti_first_assay_lib700601_10246_2,4,1,DMSO,1,4_Forward,POOL4,ATCTTTAGTCCTGGTGCATTGAGCCC,,19_Reverse,AACGTATTTTAACTCCCCTCCGCCGC
NG-33296_Meliloti_first_assay_lib700601_10246_2,5,2,DMSO,1,4_Forward,POOL4,ATCTTTAGTCCTGGTGCATTGAGCCC,,20_Reverse,AGGGTATTTTAACTCCCCTCCGCCGC
NG-33296_Meliloti_first_assay_lib700601_10246_2,6,3,DMSO,1,4_Forward,POOL4,ATCTTTAGTCCTGGTGCATTGAGCCC,,21_Reverse,AACTAATTTTAACTCCCCTCCGCCGC
NG-33296_Meliloti_first_assay_lib700601_10246_2,7,1,DMSO,1,5_Forward,POOL5,ACGCATAGTCCTGGTGCATTGAGCCC,,19_Reverse,AACGTATTTTAACTCCCCTCCGCCGC
NG-33296_Meliloti_first_assay_lib700601_10246_2,8,2,DMSO,1,5_Forward,POOL5,ACGCATAGTCCTGGTGCATTGAGCCC,,20_Reverse,AGGGTATTTTAACTCCCCTCCGCCGC
NG-33296_Meliloti_first_assay_lib700601_10246_2,9,3,DMSO,1,5_Forward,POOL5,ACGCATAGTCCTGGTGCATTGAGCCC,,21_Reverse,AACTAATTTTAACTCCCCTCCGCCGC
NG-33296_Meliloti_first_assay_lib700601_10246_2,10,1,DMSO,1,6_Forward,POOL6,ATGGCTAGTCCTGGTGCATTGAGCCC,,19_Reverse,AACGTATTTTAACTCCCCTCCGCCGC
NG-33296_Meliloti_first_assay_lib700601_10246_2,11,2,DMSO,1,6_Forward,POOL6,ATGGCTAGTCCTGGTGCATTGAGCCC,,20_Reverse,AGGGTATTTTAACTCCCCTCCGCCGC
NG-33296_Meliloti_first_assay_lib700601_10246_2,12,3,DMSO,1,6_Forward,POOL6,ATGGCTAGTCCTGGTGCATTGAGCCC,,21_Reverse,AACTAATTTTAACTCCCCTCCGCCGC
NG-33296_Meliloti_first_assay_lib700601_10246_2,13,1,DMSO,2,4_Forward,POOL4,ATCTTTAGTCCTGGTGCATTGAGCCC,,22_Reverse,AGCCGATTTTAACTCCCCTCCGCCGC
NG-33296_Meliloti_first_assay_lib700601_10246_2,14,2,DMSO,2,4_Forward,POOL4,ATCTTTAGTCCTGGTGCATTGAGCCC,,23_Reverse,ACAGAATTTTAACTCCCCTCCGCCGC
NG-33296_Meliloti_first_assay_lib700601_10246_2,15,3,DMSO,2,4_Forward,POOL4,ATCTTTAGTCCTGGTGCATTGAGCCC,,24_Reverse,ACCACATTTTAACTCCCCTCCGCCGC
NG-33296_Meliloti_first_assay_lib700601_10246_2,16,1,DMSO,2,5_Forward,POOL5,ACGCATAGTCCTGGTGCATTGAGCCC,,22_Reverse,AGCCGATTTTAACTCCCCTCCGCCGC
NG-33296_Meliloti_first_assay_lib700601_10246_2,17,2,DMSO,2,5_Forward,POOL5,ACGCATAGTCCTGGTGCATTGAGCCC,,23_Reverse,ACAGAATTTTAACTCCCCTCCGCCGC
NG-33296_Meliloti_first_assay_lib700601_10246_2,18,3,DMSO,2,5_Forward,POOL5,ACGCATAGTCCTGGTGCATTGAGCCC,,24_Reverse,ACCACATTTTAACTCCCCTCCGCCGC
NG-33296_Meliloti_first_assay_lib700601_10246_2,19,1,DMSO,2,6_Forward,POOL6,ATGGCTAGTCCTGGTGCATTGAGCCC,,22_Reverse,AGCCGATTTTAACTCCCCTCCGCCGC
NG-33296_Meliloti_first_assay_lib700601_10246_2,20,2,DMSO,2,6_Forward,POOL6,ATGGCTAGTCCTGGTGCATTGAGCCC,,23_Reverse,ACAGAATTTTAACTCCCCTCCGCCGC
NG-33296_Meliloti_first_assay_lib700601_10246_2,21,3,DMSO,2,6_Forward,POOL6,ATGGCTAGTCCTGGTGCATTGAGCCC,,24_Reverse,ACCACATTTTAACTCCCCTCCGCCGC
NG-33296_Meliloti_first_assay_lib700601_10246_2,22,1,DMSO,3,4_Forward,POOL4,ATCTTTAGTCCTGGTGCATTGAGCCC,,25_Reverse,AAATAATTTTAACTCCCCTCCGCCGC
NG-33296_Meliloti_first_assay_lib700601_10246_2,23,2,DMSO,3,4_Forward,POOL4,ATCTTTAGTCCTGGTGCATTGAGCCC,,26_Reverse,AATGTATTTTAACTCCCCTCCGCCGC
NG-33296_Meliloti_first_assay_lib700601_10246_2,24,3,DMSO,3,4_Forward,POOL4,ATCTTTAGTCCTGGTGCATTGAGCCC,,27_Reverse,AAACGATTTTAACTCCCCTCCGCCGC
NG-33296_Meliloti_first_assay_lib700601_10246_2,25,1,DMSO,3,5_Forward,POOL5,ACGCATAGTCCTGGTGCATTGAGCCC,,25_Reverse,AAATAATTTTAACTCCCCTCCGCCGC
NG-33296_Meliloti_first_assay_lib700601_10246_2,26,2,DMSO,3,5_Forward,POOL5,ACGCATAGTCCTGGTGCATTGAGCCC,,26_Reverse,AATGTATTTTAACTCCCCTCCGCCGC
NG-33296_Meliloti_first_assay_lib700601_10246_2,27,3,DMSO,3,5_Forward,POOL5,ACGCATAGTCCTGGTGCATTGAGCCC,,27_Reverse,AAACGATTTTAACTCCCCTCCGCCGC
NG-33296_Meliloti_first_assay_lib700601_10246_2,28,1,DMSO,3,6_Forward,POOL6,ATGGCTAGTCCTGGTGCATTGAGCCC,,25_Reverse,AAATAATTTTAACTCCCCTCCGCCGC
NG-33296_Meliloti_first_assay_lib700601_10246_2,29,2,DMSO,3,6_Forward,POOL6,ATGGCTAGTCCTGGTGCATTGAGCCC,,26_Reverse,AATGTATTTTAACTCCCCTCCGCCGC
NG-33296_Meliloti_first_assay_lib700601_10246_2,30,3,DMSO,3,6_Forward,POOL6,ATGGCTAGTCCTGGTGCATTGAGCCC,,27_Reverse,AAACGATTTTAACTCCCCTCCGCCGC
NG-33296_Meliloti_first_assay_lib700601_10246_2,31,1,C1,1,1_Forward,POOL4,AAAGGTAGTCCTGGTGCATTGAGCCC,,19_Reverse,AACGTATTTTAACTCCCCTCCGCCGC
NG-33296_Meliloti_first_assay_lib700601_10246_2,32,2,C1,1,1_Forward,POOL4,AAAGGTAGTCCTGGTGCATTGAGCCC,,20_Reverse,AGGGTATTTTAACTCCCCTCCGCCGC
NG-33296_Meliloti_first_assay_lib700601_10246_2,33,3,C1,1,1_Forward,POOL4,AAAGGTAGTCCTGGTGCATTGAGCCC,,21_Reverse,AACTAATTTTAACTCCCCTCCGCCGC
NG-33296_Meliloti_first_assay_lib700601_10246_2,34,1,C1,1,2_Forward,POOL5,AGTGTTAGTCCTGGTGCATTGAGCCC,,19_Reverse,AACGTATTTTAACTCCCCTCCGCCGC
NG-33296_Meliloti_first_assay_lib700601_10246_2,35,2,C1,1,2_Forward,POOL5,AGTGTTAGTCCTGGTGCATTGAGCCC,,20_Reverse,AGGGTATTTTAACTCCCCTCCGCCGC
NG-33296_Meliloti_first_assay_lib700601_10246_2,36,3,C1,1,2_Forward,POOL5,AGTGTTAGTCCTGGTGCATTGAGCCC,,21_Reverse,AACTAATTTTAACTCCCCTCCGCCGC
NG-33296_Meliloti_first_assay_lib700601_10246_2,37,1,C1,1,3_Forward,POOL6,AAAATTAGTCCTGGTGCATTGAGCCC,,19_Reverse,AACGTATTTTAACTCCCCTCCGCCGC
NG-33296_Meliloti_first_assay_lib700601_10246_2,38,2,C1,1,3_Forward,POOL6,AAAATTAGTCCTGGTGCATTGAGCCC,,20_Reverse,AGGGTATTTTAACTCCCCTCCGCCGC
NG-33296_Meliloti_first_assay_lib700601_10246_2,39,3,C1,1,3_Forward,POOL6,AAAATTAGTCCTGGTGCATTGAGCCC,,21_Reverse,AACTAATTTTAACTCCCCTCCGCCGC
NG-33296_Meliloti_first_assay_lib700601_10246_2,40,1,C1,2,1_Forward,POOL4,AAAGGTAGTCCTGGTGCATTGAGCCC,,22_Reverse,AGCCGATTTTAACTCCCCTCCGCCGC
NG-33296_Meliloti_first_assay_lib700601_10246_2,41,2,C1,2,1_Forward,POOL4,AAAGGTAGTCCTGGTGCATTGAGCCC,,23_Reverse,ACAGAATTTTAACTCCCCTCCGCCGC
NG-33296_Meliloti_first_assay_lib700601_10246_2,42,3,C1,2,1_Forward,POOL4,AAAGGTAGTCCTGGTGCATTGAGCCC,,24_Reverse,ACCACATTTTAACTCCCCTCCGCCGC
NG-33296_Meliloti_first_assay_lib700601_10246_2,43,1,C1,2,2_Forward,POOL5,AGTGTTAGTCCTGGTGCATTGAGCCC,,22_Reverse,AGCCGATTTTAACTCCCCTCCGCCGC
NG-33296_Meliloti_first_assay_lib700601_10246_2,44,2,C1,2,2_Forward,POOL5,AGTGTTAGTCCTGGTGCATTGAGCCC,,23_Reverse,ACAGAATTTTAACTCCCCTCCGCCGC
NG-33296_Meliloti_first_assay_lib700601_10246_2,45,3,C1,2,2_Forward,POOL5,AGTGTTAGTCCTGGTGCATTGAGCCC,,24_Reverse,ACCACATTTTAACTCCCCTCCGCCGC
NG-33296_Meliloti_first_assay_lib700601_10246_2,46,1,C1,2,3_Forward,POOL6,AAAATTAGTCCTGGTGCATTGAGCCC,,22_Reverse,AGCCGATTTTAACTCCCCTCCGCCGC
NG-33296_Meliloti_first_assay_lib700601_10246_2,47,2,C1,2,3_Forward,POOL6,AAAATTAGTCCTGGTGCATTGAGCCC,,23_Reverse,ACAGAATTTTAACTCCCCTCCGCCGC
NG-33296_Meliloti_first_assay_lib700601_10246_2,48,3,C1,2,3_Forward,POOL6,AAAATTAGTCCTGGTGCATTGAGCCC,,24_Reverse,ACCACATTTTAACTCCCCTCCGCCGC
NG-33296_Meliloti_first_assay_lib700601_10246_2,49,1,C1,3,1_Forward,POOL4,AAAGGTAGTCCTGGTGCATTGAGCCC,,25_Reverse,AAATAATTTTAACTCCCCTCCGCCGC
NG-33296_Meliloti_first_assay_lib700601_10246_2,50,2,C1,3,1_Forward,POOL4,AAAGGTAGTCCTGGTGCATTGAGCCC,,26_Reverse,AATGTATTTTAACTCCCCTCCGCCGC
NG-33296_Meliloti_first_assay_lib700601_10246_2,51,3,C1,3,1_Forward,POOL4,AAAGGTAGTCCTGGTGCATTGAGCCC,,27_Reverse,AAACGATTTTAACTCCCCTCCGCCGC
NG-33296_Meliloti_first_assay_lib700601_10246_2,52,1,C1,3,2_Forward,POOL5,AGTGTTAGTCCTGGTGCATTGAGCCC,,25_Reverse,AAATAATTTTAACTCCCCTCCGCCGC
NG-33296_Meliloti_first_assay_lib700601_10246_2,53,2,C1,3,2_Forward,POOL5,AGTGTTAGTCCTGGTGCATTGAGCCC,,26_Reverse,AATGTATTTTAACTCCCCTCCGCCGC
NG-33296_Meliloti_first_assay_lib700601_10246_2,54,3,C1,3,2_Forward,POOL5,AGTGTTAGTCCTGGTGCATTGAGCCC,,27_Reverse,AAACGATTTTAACTCCCCTCCGCCGC
NG-33296_Meliloti_first_assay_lib700601_10246_2,55,1,C1,3,3_Forward,POOL6,AAAATTAGTCCTGGTGCATTGAGCCC,,25_Reverse,AAATAATTTTAACTCCCCTCCGCCGC
NG-33296_Meliloti_first_assay_lib700601_10246_2,56,2,C1,3,3_Forward,POOL6,AAAATTAGTCCTGGTGCATTGAGCCC,,26_Reverse,AATGTATTTTAACTCCCCTCCGCCGC
NG-33296_Meliloti_first_assay_lib700601_10246_2,57,3,C1,3,3_Forward,POOL6,AAAATTAGTCCTGGTGCATTGAGCCC,,27_Reverse,AAACGATTTTAACTCCCCTCCGCCGC
NG-33296_Meliloti_first_assay_lib700601_10246_2,1,1,None,0,9_Forward,POOL7,ATAGGTAGTCCTGGTGCATTGAGCCC,,16_Reverse,ATACCATTTTAACTCCCCTCCGCCGC
NG-33296_Meliloti_first_assay_lib700601_10246_2,2,1,None,0,10_Forward,POOL8,ATCTGTAGTCCTGGTGCATTGAGCCC,,17_Reverse,AGATTATTTTAACTCCCCTCCGCCGC
NG-33296_Meliloti_first_assay_lib700601_10246_2,3,1,None,0,11_Forward,POOL9,ATGTGTAGTCCTGGTGCATTGAGCCC,,18_Reverse,AGGGGATTTTAACTCCCCTCCGCCGC
NG-33296_Meliloti_first_assay_lib700601_10246_2,4,1,DMSO,1,9_Forward,POOL7,ATAGGTAGTCCTGGTGCATTGAGCCC,,19_Reverse,AACGTATTTTAACTCCCCTCCGCCGC
NG-33296_Meliloti_first_assay_lib700601_10246_2,5,2,DMSO,1,9_Forward,POOL7,ATAGGTAGTCCTGGTGCATTGAGCCC,,20_Reverse,AGGGTATTTTAACTCCCCTCCGCCGC
NG-33296_Meliloti_first_assay_lib700601_10246_2,6,3,DMSO,1,9_Forward,POOL7,ATAGGTAGTCCTGGTGCATTGAGCCC,,21_Reverse,AACTAATTTTAACTCCCCTCCGCCGC
NG-33296_Meliloti_first_assay_lib700601_10246_2,7,1,DMSO,1,10_Forward,POOL8,ATCTGTAGTCCTGGTGCATTGAGCCC,,19_Reverse,AACGTATTTTAACTCCCCTCCGCCGC
NG-33296_Meliloti_first_assay_lib700601_10246_2,8,2,DMSO,1,10_Forward,POOL8,ATCTGTAGTCCTGGTGCATTGAGCCC,,20_Reverse,AGGGTATTTTAACTCCCCTCCGCCGC
NG-33296_Meliloti_first_assay_lib700601_10246_2,9,3,DMSO,1,10_Forward,POOL8,ATCTGTAGTCCTGGTGCATTGAGCCC,,21_Reverse,AACTAATTTTAACTCCCCTCCGCCGC
NG-33296_Meliloti_first_assay_lib700601_10246_2,10,1,DMSO,1,11_Forward,POOL9,ATGTGTAGTCCTGGTGCATTGAGCCC,,19_Reverse,AACGTATTTTAACTCCCCTCCGCCGC
NG-33296_Meliloti_first_assay_lib700601_10246_2,11,2,DMSO,1,11_Forward,POOL9,ATGTGTAGTCCTGGTGCATTGAGCCC,,20_Reverse,AGGGTATTTTAACTCCCCTCCGCCGC
NG-33296_Meliloti_first_assay_lib700601_10246_2,12,3,DMSO,1,11_Forward,POOL9,ATGTGTAGTCCTGGTGCATTGAGCCC,,21_Reverse,AACTAATTTTAACTCCCCTCCGCCGC
NG-33296_Meliloti_first_assay_lib700601_10246_2,13,1,DMSO,2,9_Forward,POOL7,ATAGGTAGTCCTGGTGCATTGAGCCC,,22_Reverse,AGCCGATTTTAACTCCCCTCCGCCGC
NG-33296_Meliloti_first_assay_lib700601_10246_2,14,2,DMSO,2,9_Forward,POOL7,ATAGGTAGTCCTGGTGCATTGAGCCC,,23_Reverse,ACAGAATTTTAACTCCCCTCCGCCGC
NG-33296_Meliloti_first_assay_lib700601_10246_2,15,3,DMSO,2,9_Forward,POOL7,ATAGGTAGTCCTGGTGCATTGAGCCC,,24_Reverse,ACCACATTTTAACTCCCCTCCGCCGC
NG-33296_Meliloti_first_assay_lib700601_10246_2,16,1,DMSO,2,10_Forward,POOL8,ATCTGTAGTCCTGGTGCATTGAGCCC,,22_Reverse,AGCCGATTTTAACTCCCCTCCGCCGC
NG-33296_Meliloti_first_assay_lib700601_10246_2,17,2,DMSO,2,10_Forward,POOL8,ATCTGTAGTCCTGGTGCATTGAGCCC,,23_Reverse,ACAGAATTTTAACTCCCCTCCGCCGC
NG-33296_Meliloti_first_assay_lib700601_10246_2,18,3,DMSO,2,10_Forward,POOL8,ATCTGTAGTCCTGGTGCATTGAGCCC,,24_Reverse,ACCACATTTTAACTCCCCTCCGCCGC
NG-33296_Meliloti_first_assay_lib700601_10246_2,19,1,DMSO,2,11_Forward,POOL9,ATGTGTAGTCCTGGTGCATTGAGCCC,,22_Reverse,AGCCGATTTTAACTCCCCTCCGCCGC
NG-33296_Meliloti_first_assay_lib700601_10246_2,20,2,DMSO,2,11_Forward,POOL9,ATGTGTAGTCCTGGTGCATTGAGCCC,,23_Reverse,ACAGAATTTTAACTCCCCTCCGCCGC
NG-33296_Meliloti_first_assay_lib700601_10246_2,21,3,DMSO,2,11_Forward,POOL9,ATGTGTAGTCCTGGTGCATTGAGCCC,,24_Reverse,ACCACATTTTAACTCCCCTCCGCCGC
NG-33296_Meliloti_first_assay_lib700601_10246_2,22,1,DMSO,3,9_Forward,POOL7,ATAGGTAGTCCTGGTGCATTGAGCCC,,25_Reverse,AAATAATTTTAACTCCCCTCCGCCGC
NG-33296_Meliloti_first_assay_lib700601_10246_2,23,2,DMSO,3,9_Forward,POOL7,ATAGGTAGTCCTGGTGCATTGAGCCC,,26_Reverse,AATGTATTTTAACTCCCCTCCGCCGC
NG-33296_Meliloti_first_assay_lib700601_10246_2,24,3,DMSO,3,9_Forward,POOL7,ATAGGTAGTCCTGGTGCATTGAGCCC,,27_Reverse,AAACGATTTTAACTCCCCTCCGCCGC
NG-33296_Meliloti_first_assay_lib700601_10246_2,25,1,DMSO,3,10_Forward,POOL8,ATCTGTAGTCCTGGTGCATTGAGCCC,,25_Reverse,AAATAATTTTAACTCCCCTCCGCCGC
NG-33296_Meliloti_first_assay_lib700601_10246_2,26,2,DMSO,3,10_Forward,POOL8,ATCTGTAGTCCTGGTGCATTGAGCCC,,26_Reverse,AATGTATTTTAACTCCCCTCCGCCGC
NG-33296_Meliloti_first_assay_lib700601_10246_2,27,3,DMSO,3,10_Forward,POOL8,ATCTGTAGTCCTGGTGCATTGAGCCC,,27_Reverse,AAACGATTTTAACTCCCCTCCGCCGC
NG-33296_Meliloti_first_assay_lib700601_10246_2,28,1,DMSO,3,11_Forward,POOL9,ATGTGTAGTCCTGGTGCATTGAGCCC,,25_Reverse,AAATAATTTTAACTCCCCTCCGCCGC
NG-33296_Meliloti_first_assay_lib700601_10246_2,29,2,DMSO,3,11_Forward,POOL9,ATGTGTAGTCCTGGTGCATTGAGCCC,,26_Reverse,AATGTATTTTAACTCCCCTCCGCCGC
NG-33296_Meliloti_first_assay_lib700601_10246_2,30,3,DMSO,3,11_Forward,POOL9,ATGTGTAGTCCTGGTGCATTGAGCCC,,27_Reverse,AAACGATTTTAACTCCCCTCCGCCGC
NG-33296_Meliloti_first_assay_lib700601_10246_2,31,1,C1,1,12_Forward,POOL7,AGACCTAGTCCTGGTGCATTGAGCCC,,19_Reverse,AACGTATTTTAACTCCCCTCCGCCGC
NG-33296_Meliloti_first_assay_lib700601_10246_2,32,2,C1,1,12_Forward,POOL7,AGACCTAGTCCTGGTGCATTGAGCCC,,20_Reverse,AGGGTATTTTAACTCCCCTCCGCCGC
NG-33296_Meliloti_first_assay_lib700601_10246_2,33,3,C1,1,12_Forward,POOL7,AGACCTAGTCCTGGTGCATTGAGCCC,,21_Reverse,AACTAATTTTAACTCCCCTCCGCCGC
NG-33296_Meliloti_first_assay_lib700601_10246_2,34,1,C1,1,13_Forward,POOL8,AGTTATAGTCCTGGTGCATTGAGCCC,,19_Reverse,AACGTATTTTAACTCCCCTCCGCCGC
NG-33296_Meliloti_first_assay_lib700601_10246_2,35,2,C1,1,13_Forward,POOL8,AGTTATAGTCCTGGTGCATTGAGCCC,,20_Reverse,AGGGTATTTTAACTCCCCTCCGCCGC
NG-33296_Meliloti_first_assay_lib700601_10246_2,36,3,C1,1,13_Forward,POOL8,AGTTATAGTCCTGGTGCATTGAGCCC,,21_Reverse,AACTAATTTTAACTCCCCTCCGCCGC
NG-33296_Meliloti_first_assay_lib700601_10246_2,37,1,C1,1,14_Forward,POOL9,AGTCCTAGTCCTGGTGCATTGAGCCC,,19_Reverse,AACGTATTTTAACTCCCCTCCGCCGC
NG-33296_Meliloti_first_assay_lib700601_10246_2,38,2,C1,1,14_Forward,POOL9,AGTCCTAGTCCTGGTGCATTGAGCCC,,20_Reverse,AGGGTATTTTAACTCCCCTCCGCCGC
NG-33296_Meliloti_first_assay_lib700601_10246_2,39,3,C1,1,14_Forward,POOL9,AGTCCTAGTCCTGGTGCATTGAGCCC,,21_Reverse,AACTAATTTTAACTCCCCTCCGCCGC
NG-33296_Meliloti_first_assay_lib700601_10246_2,40,1,C1,2,12_Forward,POOL7,AGACCTAGTCCTGGTGCATTGAGCCC,,22_Reverse,AGCCGATTTTAACTCCCCTCCGCCGC
NG-33296_Meliloti_first_assay_lib700601_10246_2,41,2,C1,2,12_Forward,POOL7,AGACCTAGTCCTGGTGCATTGAGCCC,,23_Reverse,ACAGAATTTTAACTCCCCTCCGCCGC
NG-33296_Meliloti_first_assay_lib700601_10246_2,42,3,C1,2,12_Forward,POOL7,AGACCTAGTCCTGGTGCATTGAGCCC,,24_Reverse,ACCACATTTTAACTCCCCTCCGCCGC
NG-33296_Meliloti_first_assay_lib700601_10246_2,43,1,C1,2,13_Forward,POOL8,AGTTATAGTCCTGGTGCATTGAGCCC,,22_Reverse,AGCCGATTTTAACTCCCCTCCGCCGC
NG-33296_Meliloti_first_assay_lib700601_10246_2,44,2,C1,2,13_Forward,POOL8,AGTTATAGTCCTGGTGCATTGAGCCC,,23_Reverse,ACAGAATTTTAACTCCCCTCCGCCGC
NG-33296_Meliloti_first_assay_lib700601_10246_2,45,3,C1,2,13_Forward,POOL8,AGTTATAGTCCTGGTGCATTGAGCCC,,24_Reverse,ACCACATTTTAACTCCCCTCCGCCGC
NG-33296_Meliloti_first_assay_lib700601_10246_2,46,1,C1,2,14_Forward,POOL9,AGTCCTAGTCCTGGTGCATTGAGCCC,,22_Reverse,AGCCGATTTTAACTCCCCTCCGCCGC
NG-33296_Meliloti_first_assay_lib700601_10246_2,47,2,C1,2,14_Forward,POOL9,AGTCCTAGTCCTGGTGCATTGAGCCC,,23_Reverse,ACAGAATTTTAACTCCCCTCCGCCGC
NG-33296_Meliloti_first_assay_lib700601_10246_2,48,3,C1,2,14_Forward,POOL9,AGTCCTAGTCCTGGTGCATTGAGCCC,,24_Reverse,ACCACATTTTAACTCCCCTCCGCCGC
NG-33296_Meliloti_first_assay_lib700601_10246_2,49,1,C1,3,12_Forward,POOL7,AGACCTAGTCCTGGTGCATTGAGCCC,,25_Reverse,AAATAATTTTAACTCCCCTCCGCCGC
NG-33296_Meliloti_first_assay_lib700601_10246_2,50,2,C1,3,12_Forward,POOL7,AGACCTAGTCCTGGTGCATTGAGCCC,,26_Reverse,AATGTATTTTAACTCCCCTCCGCCGC
NG-33296_Meliloti_first_assay_lib700601_10246_2,51,3,C1,3,12_Forward,POOL7,AGACCTAGTCCTGGTGCATTGAGCCC,,27_Reverse,AAACGATTTTAACTCCCCTCCGCCGC
NG-33296_Meliloti_first_assay_lib700601_10246_2,52,1,C1,3,13_Forward,POOL8,AGTTATAGTCCTGGTGCATTGAGCCC,,25_Reverse,AAATAATTTTAACTCCCCTCCGCCGC
NG-33296_Meliloti_first_assay_lib700601_10246_2,53,2,C1,3,13_Forward,POOL8,AGTTATAGTCCTGGTGCATTGAGCCC,,26_Reverse,AATGTATTTTAACTCCCCTCCGCCGC
NG-33296_Meliloti_first_assay_lib700601_10246_2,54,3,C1,3,13_Forward,POOL8,AGTTATAGTCCTGGTGCATTGAGCCC,,27_Reverse,AAACGATTTTAACTCCCCTCCGCCGC
NG-33296_Meliloti_first_assay_lib700601_10246_2,55,1,C1,3,14_Forward,POOL9,AGTCCTAGTCCTGGTGCATTGAGCCC,,25_Reverse,AAATAATTTTAACTCCCCTCCGCCGC
NG-33296_Meliloti_first_assay_lib700601_10246_2,56,2,C1,3,14_Forward,POOL9,AGTCCTAGTCCTGGTGCATTGAGCCC,,26_Reverse,AATGTATTTTAACTCCCCTCCGCCGC
NG-33296_Meliloti_first_assay_lib700601_10246_2,57,3,C1,3,14_Forward,POOL9,AGTCCTAGTCCTGGTGCATTGAGCCC,,27_Reverse,AAACGATTTTAACTCCCCTCCGCCGC
NG-34087_Meliloti_POOL_10_15_C1_lib715704_10291_3,1,1,None,0,4_Forward,POOL10,ATCTTTAGTCCTGGTGCATTGAGCCC,,16_Reverse,ATACCATTTTAACTCCCCTCCGCCGC
NG-34087_Meliloti_POOL_10_15_C1_lib715704_10291_3,2,1,None,0,5_Forward,POOL11,ACGCATAGTCCTGGTGCATTGAGCCC,,17_Reverse,AGATTATTTTAACTCCCCTCCGCCGC
NG-34087_Meliloti_POOL_10_15_C1_lib715704_10291_3,3,1,None,0,6_Forward,POOL12,ATGGCTAGTCCTGGTGCATTGAGCCC,,18_Reverse,AGGGGATTTTAACTCCCCTCCGCCGC
NG-34087_Meliloti_POOL_10_15_C1_lib715704_10291_3,4,1,DMSO,1,4_Forward,POOL10,ATCTTTAGTCCTGGTGCATTGAGCCC,,19_Reverse,AACGTATTTTAACTCCCCTCCGCCGC
NG-34087_Meliloti_POOL_10_15_C1_lib715704_10291_3,5,2,DMSO,1,4_Forward,POOL10,ATCTTTAGTCCTGGTGCATTGAGCCC,,20_Reverse,AGGGTATTTTAACTCCCCTCCGCCGC
NG-34087_Meliloti_POOL_10_15_C1_lib715704_10291_3,6,3,DMSO,1,4_Forward,POOL10,ATCTTTAGTCCTGGTGCATTGAGCCC,,21_Reverse,AACTAATTTTAACTCCCCTCCGCCGC
NG-34087_Meliloti_POOL_10_15_C1_lib715704_10291_3,7,1,DMSO,1,5_Forward,POOL11,ACGCATAGTCCTGGTGCATTGAGCCC,,19_Reverse,AACGTATTTTAACTCCCCTCCGCCGC
NG-34087_Meliloti_POOL_10_15_C1_lib715704_10291_3,8,2,DMSO,1,5_Forward,POOL11,ACGCATAGTCCTGGTGCATTGAGCCC,,20_Reverse,AGGGTATTTTAACTCCCCTCCGCCGC
NG-34087_Meliloti_POOL_10_15_C1_lib715704_10291_3,9,3,DMSO,1,5_Forward,POOL11,ACGCATAGTCCTGGTGCATTGAGCCC,,21_Reverse,AACTAATTTTAACTCCCCTCCGCCGC
NG-34087_Meliloti_POOL_10_15_C1_lib715704_10291_3,10,1,DMSO,1,6_Forward,POOL12,ATGGCTAGTCCTGGTGCATTGAGCCC,,19_Reverse,AACGTATTTTAACTCCCCTCCGCCGC
NG-34087_Meliloti_POOL_10_15_C1_lib715704_10291_3,11,2,DMSO,1,6_Forward,POOL12,ATGGCTAGTCCTGGTGCATTGAGCCC,,20_Reverse,AGGGTATTTTAACTCCCCTCCGCCGC
NG-34087_Meliloti_POOL_10_15_C1_lib715704_10291_3,12,3,DMSO,1,6_Forward,POOL12,ATGGCTAGTCCTGGTGCATTGAGCCC,,21_Reverse,AACTAATTTTAACTCCCCTCCGCCGC
NG-34087_Meliloti_POOL_10_15_C1_lib715704_10291_3,13,1,DMSO,2,4_Forward,POOL10,ATCTTTAGTCCTGGTGCATTGAGCCC,,22_Reverse,AGCCGATTTTAACTCCCCTCCGCCGC
NG-34087_Meliloti_POOL_10_15_C1_lib715704_10291_3,14,2,DMSO,2,4_Forward,POOL10,ATCTTTAGTCCTGGTGCATTGAGCCC,,23_Reverse,ACAGAATTTTAACTCCCCTCCGCCGC
NG-34087_Meliloti_POOL_10_15_C1_lib715704_10291_3,15,3,DMSO,2,4_Forward,POOL10,ATCTTTAGTCCTGGTGCATTGAGCCC,,24_Reverse,ACCACATTTTAACTCCCCTCCGCCGC
NG-34087_Meliloti_POOL_10_15_C1_lib715704_10291_3,16,1,DMSO,2,5_Forward,POOL11,ACGCATAGTCCTGGTGCATTGAGCCC,,22_Reverse,AGCCGATTTTAACTCCCCTCCGCCGC
NG-34087_Meliloti_POOL_10_15_C1_lib715704_10291_3,17,2,DMSO,2,5_Forward,POOL11,ACGCATAGTCCTGGTGCATTGAGCCC,,23_Reverse,ACAGAATTTTAACTCCCCTCCGCCGC
NG-34087_Meliloti_POOL_10_15_C1_lib715704_10291_3,18,3,DMSO,2,5_Forward,POOL11,ACGCATAGTCCTGGTGCATTGAGCCC,,24_Reverse,ACCACATTTTAACTCCCCTCCGCCGC
NG-34087_Meliloti_POOL_10_15_C1_lib715704_10291_3,19,1,DMSO,2,6_Forward,POOL12,ATGGCTAGTCCTGGTGCATTGAGCCC,,22_Reverse,AGCCGATTTTAACTCCCCTCCGCCGC
NG-34087_Meliloti_POOL_10_15_C1_lib715704_10291_3,20,2,DMSO,2,6_Forward,POOL12,ATGGCTAGTCCTGGTGCATTGAGCCC,,23_Reverse,ACAGAATTTTAACTCCCCTCCGCCGC
NG-34087_Meliloti_POOL_10_15_C1_lib715704_10291_3,21,3,DMSO,2,6_Forward,POOL12,ATGGCTAGTCCTGGTGCATTGAGCCC,,24_Reverse,ACCACATTTTAACTCCCCTCCGCCGC
NG-34087_Meliloti_POOL_10_15_C1_lib715704_10291_3,22,1,DMSO,3,4_Forward,POOL10,ATCTTTAGTCCTGGTGCATTGAGCCC,,25_Reverse,AAATAATTTTAACTCCCCTCCGCCGC
NG-34087_Meliloti_POOL_10_15_C1_lib715704_10291_3,23,2,DMSO,3,4_Forward,POOL10,ATCTTTAGTCCTGGTGCATTGAGCCC,,26_Reverse,AATGTATTTTAACTCCCCTCCGCCGC
NG-34087_Meliloti_POOL_10_15_C1_lib715704_10291_3,24,3,DMSO,3,4_Forward,POOL10,ATCTTTAGTCCTGGTGCATTGAGCCC,,27_Reverse,AAACGATTTTAACTCCCCTCCGCCGC
NG-34087_Meliloti_POOL_10_15_C1_lib715704_10291_3,25,1,DMSO,3,5_Forward,POOL11,ACGCATAGTCCTGGTGCATTGAGCCC,,25_Reverse,AAATAATTTTAACTCCCCTCCGCCGC
NG-34087_Meliloti_POOL_10_15_C1_lib715704_10291_3,26,2,DMSO,3,5_Forward,POOL11,ACGCATAGTCCTGGTGCATTGAGCCC,,26_Reverse,AATGTATTTTAACTCCCCTCCGCCGC
NG-34087_Meliloti_POOL_10_15_C1_lib715704_10291_3,27,3,DMSO,3,5_Forward,POOL11,ACGCATAGTCCTGGTGCATTGAGCCC,,27_Reverse,AAACGATTTTAACTCCCCTCCGCCGC
NG-34087_Meliloti_POOL_10_15_C1_lib715704_10291_3,28,1,DMSO,3,6_Forward,POOL12,ATGGCTAGTCCTGGTGCATTGAGCCC,,25_Reverse,AAATAATTTTAACTCCCCTCCGCCGC
NG-34087_Meliloti_POOL_10_15_C1_lib715704_10291_3,29,2,DMSO,3,6_Forward,POOL12,ATGGCTAGTCCTGGTGCATTGAGCCC,,26_Reverse,AATGTATTTTAACTCCCCTCCGCCGC
NG-34087_Meliloti_POOL_10_15_C1_lib715704_10291_3,30,3,DMSO,3,6_Forward,POOL12,ATGGCTAGTCCTGGTGCATTGAGCCC,,27_Reverse,AAACGATTTTAACTCCCCTCCGCCGC
NG-34087_Meliloti_POOL_10_15_C1_lib715704_10291_3,31,1,C1,1,1_Forward,POOL10,AAAGGTAGTCCTGGTGCATTGAGCCC,,19_Reverse,AACGTATTTTAACTCCCCTCCGCCGC
NG-34087_Meliloti_POOL_10_15_C1_lib715704_10291_3,32,2,C1,1,1_Forward,POOL10,AAAGGTAGTCCTGGTGCATTGAGCCC,,20_Reverse,AGGGTATTTTAACTCCCCTCCGCCGC
NG-34087_Meliloti_POOL_10_15_C1_lib715704_10291_3,33,3,C1,1,1_Forward,POOL10,AAAGGTAGTCCTGGTGCATTGAGCCC,,21_Reverse,AACTAATTTTAACTCCCCTCCGCCGC
NG-34087_Meliloti_POOL_10_15_C1_lib715704_10291_3,34,1,C1,1,2_Forward,POOL11,AGTGTTAGTCCTGGTGCATTGAGCCC,,19_Reverse,AACGTATTTTAACTCCCCTCCGCCGC
NG-34087_Meliloti_POOL_10_15_C1_lib715704_10291_3,35,2,C1,1,2_Forward,POOL11,AGTGTTAGTCCTGGTGCATTGAGCCC,,20_Reverse,AGGGTATTTTAACTCCCCTCCGCCGC
NG-34087_Meliloti_POOL_10_15_C1_lib715704_10291_3,36,3,C1,1,2_Forward,POOL11,AGTGTTAGTCCTGGTGCATTGAGCCC,,21_Reverse,AACTAATTTTAACTCCCCTCCGCCGC
NG-34087_Meliloti_POOL_10_15_C1_lib715704_10291_3,37,1,C1,1,3_Forward,POOL12,AAAATTAGTCCTGGTGCATTGAGCCC,,19_Reverse,AACGTATTTTAACTCCCCTCCGCCGC
NG-34087_Meliloti_POOL_10_15_C1_lib715704_10291_3,38,2,C1,1,3_Forward,POOL12,AAAATTAGTCCTGGTGCATTGAGCCC,,20_Reverse,AGGGTATTTTAACTCCCCTCCGCCGC
NG-34087_Meliloti_POOL_10_15_C1_lib715704_10291_3,39,3,C1,1,3_Forward,POOL12,AAAATTAGTCCTGGTGCATTGAGCCC,,21_Reverse,AACTAATTTTAACTCCCCTCCGCCGC
NG-34087_Meliloti_POOL_10_15_C1_lib715704_10291_3,40,1,C1,2,1_Forward,POOL10,AAAGGTAGTCCTGGTGCATTGAGCCC,,22_Reverse,AGCCGATTTTAACTCCCCTCCGCCGC
NG-34087_Meliloti_POOL_10_15_C1_lib715704_10291_3,41,2,C1,2,1_Forward,POOL10,AAAGGTAGTCCTGGTGCATTGAGCCC,,23_Reverse,ACAGAATTTTAACTCCCCTCCGCCGC
NG-34087_Meliloti_POOL_10_15_C1_lib715704_10291_3,42,3,C1,2,1_Forward,POOL10,AAAGGTAGTCCTGGTGCATTGAGCCC,,24_Reverse,ACCACATTTTAACTCCCCTCCGCCGC
NG-34087_Meliloti_POOL_10_15_C1_lib715704_10291_3,43,1,C1,2,2_Forward,POOL11,AGTGTTAGTCCTGGTGCATTGAGCCC,,22_Reverse,AGCCGATTTTAACTCCCCTCCGCCGC
NG-34087_Meliloti_POOL_10_15_C1_lib715704_10291_3,44,2,C1,2,2_Forward,POOL11,AGTGTTAGTCCTGGTGCATTGAGCCC,,23_Reverse,ACAGAATTTTAACTCCCCTCCGCCGC
NG-34087_Meliloti_POOL_10_15_C1_lib715704_10291_3,45,3,C1,2,2_Forward,POOL11,AGTGTTAGTCCTGGTGCATTGAGCCC,,24_Reverse,ACCACATTTTAACTCCCCTCCGCCGC
NG-34087_Meliloti_POOL_10_15_C1_lib715704_10291_3,46,1,C1,2,3_Forward,POOL12,AAAATTAGTCCTGGTGCATTGAGCCC,,22_Reverse,AGCCGATTTTAACTCCCCTCCGCCGC
NG-34087_Meliloti_POOL_10_15_C1_lib715704_10291_3,47,2,C1,2,3_Forward,POOL12,AAAATTAGTCCTGGTGCATTGAGCCC,,23_Reverse,ACAGAATTTTAACTCCCCTCCGCCGC
NG-34087_Meliloti_POOL_10_15_C1_lib715704_10291_3,48,3,C1,2,3_Forward,POOL12,AAAATTAGTCCTGGTGCATTGAGCCC,,24_Reverse,ACCACATTTTAACTCCCCTCCGCCGC
NG-34087_Meliloti_POOL_10_15_C1_lib715704_10291_3,49,1,C1,3,1_Forward,POOL10,AAAGGTAGTCCTGGTGCATTGAGCCC,,25_Reverse,AAATAATTTTAACTCCCCTCCGCCGC
NG-34087_Meliloti_POOL_10_15_C1_lib715704_10291_3,50,2,C1,3,1_Forward,POOL10,AAAGGTAGTCCTGGTGCATTGAGCCC,,26_Reverse,AATGTATTTTAACTCCCCTCCGCCGC
NG-34087_Meliloti_POOL_10_15_C1_lib715704_10291_3,51,3,C1,3,1_Forward,POOL10,AAAGGTAGTCCTGGTGCATTGAGCCC,,27_Reverse,AAACGATTTTAACTCCCCTCCGCCGC
NG-34087_Meliloti_POOL_10_15_C1_lib715704_10291_3,52,1,C1,3,2_Forward,POOL11,AGTGTTAGTCCTGGTGCATTGAGCCC,,25_Reverse,AAATAATTTTAACTCCCCTCCGCCGC
NG-34087_Meliloti_POOL_10_15_C1_lib715704_10291_3,53,2,C1,3,2_Forward,POOL11,AGTGTTAGTCCTGGTGCATTGAGCCC,,26_Reverse,AATGTATTTTAACTCCCCTCCGCCGC
NG-34087_Meliloti_POOL_10_15_C1_lib715704_10291_3,54,3,C1,3,2_Forward,POOL11,AGTGTTAGTCCTGGTGCATTGAGCCC,,27_Reverse,AAACGATTTTAACTCCCCTCCGCCGC
NG-34087_Meliloti_POOL_10_15_C1_lib715704_10291_3,55,1,C1,3,3_Forward,POOL12,AAAATTAGTCCTGGTGCATTGAGCCC,,25_Reverse,AAATAATTTTAACTCCCCTCCGCCGC
NG-34087_Meliloti_POOL_10_15_C1_lib715704_10291_3,56,2,C1,3,3_Forward,POOL12,AAAATTAGTCCTGGTGCATTGAGCCC,,26_Reverse,AATGTATTTTAACTCCCCTCCGCCGC
NG-34087_Meliloti_POOL_10_15_C1_lib715704_10291_3,57,3,C1,3,3_Forward,POOL12,AAAATTAGTCCTGGTGCATTGAGCCC,,27_Reverse,AAACGATTTTAACTCCCCTCCGCCGC
NG-34087_Meliloti_POOL_10_15_C1_lib715704_10291_3,1,1,None,0,9_Forward,POOL13,ATAGGTAGTCCTGGTGCATTGAGCCC,,16_Reverse,ATACCATTTTAACTCCCCTCCGCCGC
NG-34087_Meliloti_POOL_10_15_C1_lib715704_10291_3,2,1,None,0,10_Forward,POOL14,ATCTGTAGTCCTGGTGCATTGAGCCC,,17_Reverse,AGATTATTTTAACTCCCCTCCGCCGC
NG-34087_Meliloti_POOL_10_15_C1_lib715704_10291_3,3,1,None,0,11_Forward,POOL15,ATGTGTAGTCCTGGTGCATTGAGCCC,,18_Reverse,AGGGGATTTTAACTCCCCTCCGCCGC
NG-34087_Meliloti_POOL_10_15_C1_lib715704_10291_3,4,1,DMSO,1,9_Forward,POOL13,ATAGGTAGTCCTGGTGCATTGAGCCC,,19_Reverse,AACGTATTTTAACTCCCCTCCGCCGC
NG-34087_Meliloti_POOL_10_15_C1_lib715704_10291_3,5,2,DMSO,1,9_Forward,POOL13,ATAGGTAGTCCTGGTGCATTGAGCCC,,20_Reverse,AGGGTATTTTAACTCCCCTCCGCCGC
NG-34087_Meliloti_POOL_10_15_C1_lib715704_10291_3,6,3,DMSO,1,9_Forward,POOL13,ATAGGTAGTCCTGGTGCATTGAGCCC,,21_Reverse,AACTAATTTTAACTCCCCTCCGCCGC
NG-34087_Meliloti_POOL_10_15_C1_lib715704_10291_3,7,1,DMSO,1,10_Forward,POOL14,ATCTGTAGTCCTGGTGCATTGAGCCC,,19_Reverse,AACGTATTTTAACTCCCCTCCGCCGC
NG-34087_Meliloti_POOL_10_15_C1_lib715704_10291_3,8,2,DMSO,1,10_Forward,POOL14,ATCTGTAGTCCTGGTGCATTGAGCCC,,20_Reverse,AGGGTATTTTAACTCCCCTCCGCCGC
NG-34087_Meliloti_POOL_10_15_C1_lib715704_10291_3,9,3,DMSO,1,10_Forward,POOL14,ATCTGTAGTCCTGGTGCATTGAGCCC,,21_Reverse,AACTAATTTTAACTCCCCTCCGCCGC
NG-34087_Meliloti_POOL_10_15_C1_lib715704_10291_3,10,1,DMSO,1,11_Forward,POOL15,ATGTGTAGTCCTGGTGCATTGAGCCC,,19_Reverse,AACGTATTTTAACTCCCCTCCGCCGC
NG-34087_Meliloti_POOL_10_15_C1_lib715704_10291_3,11,2,DMSO,1,11_Forward,POOL15,ATGTGTAGTCCTGGTGCATTGAGCCC,,20_Reverse,AGGGTATTTTAACTCCCCTCCGCCGC
NG-34087_Meliloti_POOL_10_15_C1_lib715704_10291_3,12,3,DMSO,1,11_Forward,POOL15,ATGTGTAGTCCTGGTGCATTGAGCCC,,21_Reverse,AACTAATTTTAACTCCCCTCCGCCGC
NG-34087_Meliloti_POOL_10_15_C1_lib715704_10291_3,13,1,DMSO,2,9_Forward,POOL13,ATAGGTAGTCCTGGTGCATTGAGCCC,,22_Reverse,AGCCGATTTTAACTCCCCTCCGCCGC
NG-34087_Meliloti_POOL_10_15_C1_lib715704_10291_3,14,2,DMSO,2,9_Forward,POOL13,ATAGGTAGTCCTGGTGCATTGAGCCC,,23_Reverse,ACAGAATTTTAACTCCCCTCCGCCGC
NG-34087_Meliloti_POOL_10_15_C1_lib715704_10291_3,15,3,DMSO,2,9_Forward,POOL13,ATAGGTAGTCCTGGTGCATTGAGCCC,,24_Reverse,ACCACATTTTAACTCCCCTCCGCCGC
NG-34087_Meliloti_POOL_10_15_C1_lib715704_10291_3,16,1,DMSO,2,10_Forward,POOL14,ATCTGTAGTCCTGGTGCATTGAGCCC,,22_Reverse,AGCCGATTTTAACTCCCCTCCGCCGC
NG-34087_Meliloti_POOL_10_15_C1_lib715704_10291_3,17,2,DMSO,2,10_Forward,POOL14,ATCTGTAGTCCTGGTGCATTGAGCCC,,23_Reverse,ACAGAATTTTAACTCCCCTCCGCCGC
NG-34087_Meliloti_POOL_10_15_C1_lib715704_10291_3,18,3,DMSO,2,10_Forward,POOL14,ATCTGTAGTCCTGGTGCATTGAGCCC,,24_Reverse,ACCACATTTTAACTCCCCTCCGCCGC
NG-34087_Meliloti_POOL_10_15_C1_lib715704_10291_3,19,1,DMSO,2,11_Forward,POOL15,ATGTGTAGTCCTGGTGCATTGAGCCC,,22_Reverse,AGCCGATTTTAACTCCCCTCCGCCGC
NG-34087_Meliloti_POOL_10_15_C1_lib715704_10291_3,20,2,DMSO,2,11_Forward,POOL15,ATGTGTAGTCCTGGTGCATTGAGCCC,,23_Reverse,ACAGAATTTTAACTCCCCTCCGCCGC
NG-34087_Meliloti_POOL_10_15_C1_lib715704_10291_3,21,3,DMSO,2,11_Forward,POOL15,ATGTGTAGTCCTGGTGCATTGAGCCC,,24_Reverse,ACCACATTTTAACTCCCCTCCGCCGC
NG-34087_Meliloti_POOL_10_15_C1_lib715704_10291_3,22,1,DMSO,3,9_Forward,POOL13,ATAGGTAGTCCTGGTGCATTGAGCCC,,25_Reverse,AAATAATTTTAACTCCCCTCCGCCGC
NG-34087_Meliloti_POOL_10_15_C1_lib715704_10291_3,23,2,DMSO,3,9_Forward,POOL13,ATAGGTAGTCCTGGTGCATTGAGCCC,,26_Reverse,AATGTATTTTAACTCCCCTCCGCCGC
NG-34087_Meliloti_POOL_10_15_C1_lib715704_10291_3,24,3,DMSO,3,9_Forward,POOL13,ATAGGTAGTCCTGGTGCATTGAGCCC,,27_Reverse,AAACGATTTTAACTCCCCTCCGCCGC
NG-34087_Meliloti_POOL_10_15_C1_lib715704_10291_3,25,1,DMSO,3,10_Forward,POOL14,ATCTGTAGTCCTGGTGCATTGAGCCC,,25_Reverse,AAATAATTTTAACTCCCCTCCGCCGC
NG-34087_Meliloti_POOL_10_15_C1_lib715704_10291_3,26,2,DMSO,3,10_Forward,POOL14,ATCTGTAGTCCTGGTGCATTGAGCCC,,26_Reverse,AATGTATTTTAACTCCCCTCCGCCGC
NG-34087_Meliloti_POOL_10_15_C1_lib715704_10291_3,27,3,DMSO,3,10_Forward,POOL14,ATCTGTAGTCCTGGTGCATTGAGCCC,,27_Reverse,AAACGATTTTAACTCCCCTCCGCCGC
NG-34087_Meliloti_POOL_10_15_C1_lib715704_10291_3,28,1,DMSO,3,11_Forward,POOL15,ATGTGTAGTCCTGGTGCATTGAGCCC,,25_Reverse,AAATAATTTTAACTCCCCTCCGCCGC
NG-34087_Meliloti_POOL_10_15_C1_lib715704_10291_3,29,2,DMSO,3,11_Forward,POOL15,ATGTGTAGTCCTGGTGCATTGAGCCC,,26_Reverse,AATGTATTTTAACTCCCCTCCGCCGC
NG-34087_Meliloti_POOL_10_15_C1_lib715704_10291_3,30,3,DMSO,3,11_Forward,POOL15,ATGTGTAGTCCTGGTGCATTGAGCCC,,27_Reverse,AAACGATTTTAACTCCCCTCCGCCGC
NG-34087_Meliloti_POOL_10_15_C1_lib715704_10291_3,31,1,C1,1,12_Forward,POOL13,AGACCTAGTCCTGGTGCATTGAGCCC,,19_Reverse,AACGTATTTTAACTCCCCTCCGCCGC
NG-34087_Meliloti_POOL_10_15_C1_lib715704_10291_3,32,2,C1,1,12_Forward,POOL13,AGACCTAGTCCTGGTGCATTGAGCCC,,20_Reverse,AGGGTATTTTAACTCCCCTCCGCCGC
NG-34087_Meliloti_POOL_10_15_C1_lib715704_10291_3,33,3,C1,1,12_Forward,POOL13,AGACCTAGTCCTGGTGCATTGAGCCC,,21_Reverse,AACTAATTTTAACTCCCCTCCGCCGC
NG-34087_Meliloti_POOL_10_15_C1_lib715704_10291_3,34,1,C1,1,13_Forward,POOL14,AGTTATAGTCCTGGTGCATTGAGCCC,,19_Reverse,AACGTATTTTAACTCCCCTCCGCCGC
NG-34087_Meliloti_POOL_10_15_C1_lib715704_10291_3,35,2,C1,1,13_Forward,POOL14,AGTTATAGTCCTGGTGCATTGAGCCC,,20_Reverse,AGGGTATTTTAACTCCCCTCCGCCGC
NG-34087_Meliloti_POOL_10_15_C1_lib715704_10291_3,36,3,C1,1,13_Forward,POOL14,AGTTATAGTCCTGGTGCATTGAGCCC,,21_Reverse,AACTAATTTTAACTCCCCTCCGCCGC
NG-34087_Meliloti_POOL_10_15_C1_lib715704_10291_3,37,1,C1,1,14_Forward,POOL15,AGTCCTAGTCCTGGTGCATTGAGCCC,,19_Reverse,AACGTATTTTAACTCCCCTCCGCCGC
NG-34087_Meliloti_POOL_10_15_C1_lib715704_10291_3,38,2,C1,1,14_Forward,POOL15,AGTCCTAGTCCTGGTGCATTGAGCCC,,20_Reverse,AGGGTATTTTAACTCCCCTCCGCCGC
NG-34087_Meliloti_POOL_10_15_C1_lib715704_10291_3,39,3,C1,1,14_Forward,POOL15,AGTCCTAGTCCTGGTGCATTGAGCCC,,21_Reverse,AACTAATTTTAACTCCCCTCCGCCGC
NG-34087_Meliloti_POOL_10_15_C1_lib715704_10291_3,40,1,C1,2,12_Forward,POOL13,AGACCTAGTCCTGGTGCATTGAGCCC,,22_Reverse,AGCCGATTTTAACTCCCCTCCGCCGC
NG-34087_Meliloti_POOL_10_15_C1_lib715704_10291_3,41,2,C1,2,12_Forward,POOL13,AGACCTAGTCCTGGTGCATTGAGCCC,,23_Reverse,ACAGAATTTTAACTCCCCTCCGCCGC
NG-34087_Meliloti_POOL_10_15_C1_lib715704_10291_3,42,3,C1,2,12_Forward,POOL13,AGACCTAGTCCTGGTGCATTGAGCCC,,24_Reverse,ACCACATTTTAACTCCCCTCCGCCGC
NG-34087_Meliloti_POOL_10_15_C1_lib715704_10291_3,43,1,C1,2,13_Forward,POOL14,AGTTATAGTCCTGGTGCATTGAGCCC,,22_Reverse,AGCCGATTTTAACTCCCCTCCGCCGC
NG-34087_Meliloti_POOL_10_15_C1_lib715704_10291_3,44,2,C1,2,13_Forward,POOL14,AGTTATAGTCCTGGTGCATTGAGCCC,,23_Reverse,ACAGAATTTTAACTCCCCTCCGCCGC
NG-34087_Meliloti_POOL_10_15_C1_lib715704_10291_3,45,3,C1,2,13_Forward,POOL14,AGTTATAGTCCTGGTGCATTGAGCCC,,24_Reverse,ACCACATTTTAACTCCCCTCCGCCGC
NG-34087_Meliloti_POOL_10_15_C1_lib715704_10291_3,46,1,C1,2,14_Forward,POOL15,AGTCCTAGTCCTGGTGCATTGAGCCC,,22_Reverse,AGCCGATTTTAACTCCCCTCCGCCGC
NG-34087_Meliloti_POOL_10_15_C1_lib715704_10291_3,47,2,C1,2,14_Forward,POOL15,AGTCCTAGTCCTGGTGCATTGAGCCC,,23_Reverse,ACAGAATTTTAACTCCCCTCCGCCGC
NG-34087_Meliloti_POOL_10_15_C1_lib715704_10291_3,48,3,C1,2,14_Forward,POOL15,AGTCCTAGTCCTGGTGCATTGAGCCC,,24_Reverse,ACCACATTTTAACTCCCCTCCGCCGC
NG-34087_Meliloti_POOL_10_15_C1_lib715704_10291_3,49,1,C1,3,12_Forward,POOL13,AGACCTAGTCCTGGTGCATTGAGCCC,,25_Reverse,AAATAATTTTAACTCCCCTCCGCCGC
NG-34087_Meliloti_POOL_10_15_C1_lib715704_10291_3,50,2,C1,3,12_Forward,POOL13,AGACCTAGTCCTGGTGCATTGAGCCC,,26_Reverse,AATGTATTTTAACTCCCCTCCGCCGC
NG-34087_Meliloti_POOL_10_15_C1_lib715704_10291_3,51,3,C1,3,12_Forward,POOL13,AGACCTAGTCCTGGTGCATTGAGCCC,,27_Reverse,AAACGATTTTAACTCCCCTCCGCCGC
NG-34087_Meliloti_POOL_10_15_C1_lib715704_10291_3,52,1,C1,3,13_Forward,POOL14,AGTTATAGTCCTGGTGCATTGAGCCC,,25_Reverse,AAATAATTTTAACTCCCCTCCGCCGC
NG-34087_Meliloti_POOL_10_15_C1_lib715704_10291_3,53,2,C1,3,13_Forward,POOL14,AGTTATAGTCCTGGTGCATTGAGCCC,,26_Reverse,AATGTATTTTAACTCCCCTCCGCCGC
NG-34087_Meliloti_POOL_10_15_C1_lib715704_10291_3,54,3,C1,3,13_Forward,POOL14,AGTTATAGTCCTGGTGCATTGAGCCC,,27_Reverse,AAACGATTTTAACTCCCCTCCGCCGC
NG-34087_Meliloti_POOL_10_15_C1_lib715704_10291_3,55,1,C1,3,14_Forward,POOL15,AGTCCTAGTCCTGGTGCATTGAGCCC,,25_Reverse,AAATAATTTTAACTCCCCTCCGCCGC
NG-34087_Meliloti_POOL_10_15_C1_lib715704_10291_3,56,2,C1,3,14_Forward,POOL15,AGTCCTAGTCCTGGTGCATTGAGCCC,,26_Reverse,AATGTATTTTAACTCCCCTCCGCCGC
NG-34087_Meliloti_POOL_10_15_C1_lib715704_10291_3,57,3,C1,3,14_Forward,POOL15,AGTCCTAGTCCTGGTGCATTGAGCCC,,27_Reverse,AAACGATTTTAACTCCCCTCCGCCGC
